ad_id,recommended_ad_id,rank,score
4069222,11951862,0,0.9899319645467518
4069222,12625928,1,0.5023269935400829
4069222,12593488,2,0.47160225443927006
4069222,12595033,3,0.41340624869075515
4069222,12585786,4,0.38771776661000845
4069222,12584681,5,0.3873977103016108
4069222,12593474,6,0.3851517367919486
4069222,12552675,7,0.3727611916666634
4069222,12535125,8,0.3532651499900894
4069222,12581740,9,0.28907759560566904
